res,counts,perc_enrichment
P,180905381,4.945404632942186
S,257403842,7.0366406224473685
F,145732624,3.9838880961778655
I,207056480,5.6602963925805
H,83251315,2.2758385440150573
K,193215299,5.281920468854985
D,187665964,5.130218474878651
Q,133923794,3.661070486945852
E,222084020,6.0711037744666365
V,241745374,6.608585581939883
L,352313657,9.631187209277119
G,249663509,6.825043385996368
N,137711099,3.764603922987564
T,200605120,5.483935769936678
A,317489336,8.67919585633629
W,51005970,1.3943485757657486
R,236102950,6.454338816938327
C,60208424,1.6459157673797853
Y,103494931,2.8292376292191763
M,96471049,2.6372259909139606
